dish,category,price,cost
Truffle Arancini,Starters,42,14
Burrata Caprese,Starters,48,16
Calamari Fritti,Starters,45,17
Steak Frites,Mains,145,58
Truffle Pasta,Mains,98,34
Grilled Salmon,Mains,120,62
Margherita Pizza,Mains,68,22
Lamb Ragu Pappardelle,Mains,105,40
Caesar Salad,Salads,52,18
Chocolate Fondant,Desserts,42,12
Tiramisu,Desserts,38,11
Espresso Martini,Beverages,55,15
Sparkling Water,Beverages,18,4
House Red Wine,Beverages,62,20
